mdb_code,municipality,district,province,total_pop_2022,youth_pop_20_34_2022,youth_share_pct_2022,registered_2016,valid_votes_2016,spoilt_votes_2016,votes_cast_2016,turnout_pct_2016,spoilt_rate_pct_2016,registered_2021,valid_votes_2021,spoilt_votes_2021,votes_cast_2021,turnout_pct_2021,spoilt_rate_pct_2021,registered_growth_2016_2021_pct,turnout_change_2016_2021_pp,provincial_turnout_pct_2021,turnout_vs_provincial_avg_2021_pp,registered_youth_total,youth_gap_2026,youth_registration_rate_2026,youth_registration_change_pct,gap_norm,trend_norm,youth_disengagement_risk,cluster,cluster_name,priority_rank,gap_rank
EC139,Enoch Mgijima,Chris Hani,Eastern Cape,297054.0,68237.0,22.97124428555077,123599.0,65450.0,1003.0,66453.0,53.76499809869012,1.5093374264517778,118637.0,54341.0,1463.0,55804.0,47.0376020971535,2.621675865529353,-4.01459558734294,-6.7273960015366185,46.55,0.48760209715350555,49366.0,0.2765508448495684,0.7234491551504316,-9.943357717797602,0.8093979048664,1.0,0.88563874291984,1.0,High gap / Stable,1,4
EC145,Walter Sisulu,Joe Gqabi,Eastern Cape,104208.0,25164.0,24.147858129894058,36607.0,20638.0,359.0,20997.0,57.35788237222389,1.70976806210411,36110.0,16813.0,248.0,17061.0,47.24729991692052,1.453607643162769,-1.3576638347856966,-10.110582455303373,46.55,0.697299916920521,17836.0,0.2912096646002225,0.7087903353997774,-10.024042552800228,0.8523007497318624,0.9255472120524906,0.8815993346601136,1.0,High gap / Stable,2,3
BUF,Buffalo City,Buffalo City,Eastern Cape,975249.0,238729.0,24.47877413870714,419044.0,227772.0,5843.0,233615.0,55.74951556399805,2.5011236436016526,406486.0,180265.0,3571.0,183836.0,45.22566582858942,1.9424922213277047,-2.996821336184268,-10.523849735408632,46.55,-1.3243341714105767,177827.0,0.25510934993235,0.74489065006765,-10.024042552800228,0.7466437987538682,0.9255472120524906,0.8182051640733172,1.0,High gap / Stable,3,6
EC124,Amahlathi,Amathole,Eastern Cape,115703.0,24608.0,21.26824715003068,52945.0,27534.0,957.0,28491.0,53.812446878836525,3.358955459618828,49510.0,22680.0,691.0,23371.0,47.20460513027671,2.9566556843951908,-6.487864765322504,-6.607841748559814,46.55,0.654605130276714,18461.0,0.2497968140442132,0.7502031859557867,-10.024042552800228,0.7310952820978281,0.9255472120524906,0.8088760540796931,1.0,High gap / Stable,4,7
EC131,Inxuba Yethemba,Chris Hani,Eastern Cape,77571.0,17904.0,23.08079050160498,30907.0,17304.0,303.0,17607.0,56.96767722522406,1.7209064576588855,29691.0,14291.0,303.0,14594.0,49.15294196894682,2.076195696861724,-3.934383796550943,-7.814735256277238,46.55,2.6029419689468227,13934.0,0.2217381590705987,0.7782618409294012,-9.943357717797602,0.6489743377146483,1.0,0.789384602628789,1.0,High gap / Stable,5,8
NMA,Nelson Mandela Bay,Nelson Mandela Bay,Eastern Cape,1190475.0,290239.0,24.38010038010038,609217.0,380489.0,6569.0,387058.0,63.53368340016775,1.6971616656935136,,,,,,,,,46.55,,247695.0,0.1465826439589442,0.8534173560410558,-10.024042552800228,0.4290121947545807,0.9255472120524906,0.6276262016737446,,Insufficient data,6,11
EC141,Elundini,Joe Gqabi,Eastern Cape,141756.0,30752.0,21.69361437963825,63893.0,33744.0,1072.0,34816.0,54.49110231167733,3.079044117647059,61114.0,28218.0,972.0,29190.0,47.76319664888569,3.3299075025693727,-4.34945925218725,-6.727905662791642,46.55,1.2131966488856918,26517.0,0.1377146201873049,0.8622853798126952,-10.024042552800228,0.4030576189695215,0.9255472120524906,0.6120534562027091,1.0,High gap / Stable,7,12
EC102,Blue Crane Route,Sarah Baartman,Eastern Cape,49883.0,11309.0,22.67105025760279,18372.0,10852.0,140.0,10992.0,59.83017635532332,1.2736535662299855,17867.0,9310.0,118.0,9428.0,52.7676722449208,1.2515910055154855,-2.748748094927063,-7.062504110402514,46.55,6.217672244920806,7445.0,0.3416747723052436,0.6583252276947564,-11.027062401355044,1.0,0.0,0.6,2.0,High gap / Widening,8,1
EC153,Ngquza Hill,O.R. Tambo,Eastern Cape,354573.0,83759.0,23.622498046946607,136794.0,69271.0,2058.0,71329.0,52.14336886120736,2.885221999467257,71525.0,30195.0,898.0,31093.0,43.47151345683328,2.888109863956517,-47.71335000073103,-8.671855404374085,46.55,-3.0784865431667185,75625.0,0.0971119521484258,0.9028880478515742,-10.024042552800228,0.2842233609851314,0.9255472120524906,0.5407529014120751,3.0,High gap / Stable,9,13
EC142,Senqu,Joe Gqabi,Eastern Cape,147071.0,30812.0,20.95042530478477,64675.0,36610.0,751.0,37361.0,57.76729802860456,2.010117502208185,60187.0,27312.0,620.0,27932.0,46.408692907106186,2.219676356866676,-6.939311944337071,-11.358605121498378,46.55,-0.14130709289381116,27982.0,0.0918473322082305,0.9081526677917694,-10.024042552800228,0.2688150828009522,0.9255472120524906,0.5315079345015676,1.0,High gap / Stable,10,14
EC105,Ndlambe,Sarah Baartman,Eastern Cape,87796.0,18309.0,20.85402524032985,34455.0,22252.0,224.0,22476.0,65.23291249455812,0.9966186154119948,33201.0,18163.0,275.0,18438.0,55.53447185325743,1.4914849766785987,-3.6395298215063128,-9.698440641300692,46.55,8.984471853257432,12919.0,0.2943907367961112,0.7056092632038888,-11.027062401355044,0.8616109840650159,0.0,0.5169665904390095,2.0,High gap / Widening,11,2
EC443,Winnie Madikizela-Mandela,Alfred Nzo,Eastern Cape,349993.0,83148.0,23.75704656950282,131835.0,72606.0,1907.0,74513.0,56.51989228960444,2.5592849569873715,,,,,,,,,46.55,,76217.0,0.0833573868283061,0.9166426131716938,-10.024042552800228,0.2439670516670068,0.9255472120524906,0.5165991158212003,,Insufficient data,12,15
EC106,Sundays River Valley,Sarah Baartman,Eastern Cape,53256.0,14823.0,27.83348355114917,25839.0,14723.0,183.0,14906.0,57.68799102132436,1.2276935462229974,25034.0,11371.0,239.0,11610.0,46.37692737876488,2.0585701981050817,-3.115445644181277,-11.311063642559477,46.55,-0.17307262123511435,10763.0,0.2738986709842811,0.7261013290157188,-11.027062401355044,0.8016356289237152,0.0,0.4809813773542291,2.0,High gap / Widening,13,5
EC138,Sakhisizwe,Chris Hani,Eastern Cape,63981.0,14201.0,22.19565183413826,30632.0,16236.0,647.0,16883.0,55.11556542178114,3.832257300242848,30028.0,14095.0,391.0,14486.0,48.24164113494072,2.6991578075383127,-1.9717942021415515,-6.8739242868404205,46.55,1.691641134940724,13649.0,0.0388705020773185,0.9611294979226817,-9.943357717797602,0.1137646242216342,1.0,0.4682587745329806,0.0,Low gap / Widening,14,18
EC136,Emalahleni,Chris Hani,Eastern Cape,128872.0,24376.0,18.91489229623192,61471.0,35831.0,830.0,36661.0,59.63950480714482,2.2639862524208287,59230.0,30577.0,660.0,31237.0,52.73847712307952,2.112878957646381,-3.645621512583169,-6.901027684065305,46.55,6.188477123079522,23549.0,0.0339268132589432,0.9660731867410568,-9.943357717797602,0.0992956343543967,1.0,0.459577380612638,0.0,Low gap / Widening,15,19
EC157,King Sabata Dalindyebo,O.R. Tambo,Eastern Cape,476512.0,120982.0,25.38907729501041,211426.0,93415.0,1965.0,95380.0,45.112710830266856,2.0601803313063534,,,,,,,,,46.55,,115196.0,0.0478252963250731,0.9521747036749268,-10.024042552800228,0.1399731563509969,0.9255472120524906,0.4542027786315944,,Insufficient data,16,16
EC441,Matatiele,Alfred Nzo,Eastern Cape,225562.0,50147.0,22.232024897810803,97535.0,55997.0,1837.0,57834.0,59.29563746347465,3.176332261299582,,,,,,,,,46.55,,48024.0,0.0423355335314176,0.9576644664685824,-10.024042552800228,0.1239059391063152,0.9255472120524906,0.4445624482847853,,Insufficient data,17,17
EC129,Raymond Mhlaba,Amathole,Eastern Cape,178594.0,39026.0,21.851797932741302,82963.0,44191.0,1314.0,45505.0,54.84975229921773,2.887594769805516,78861.0,35710.0,2167.0,37877.0,48.03007823892672,5.721150038281807,-4.944372792690718,-6.819674060291007,46.55,1.4800782389267226,38235.0,0.0202685389227694,0.9797314610772304,-10.024042552800228,0.0593211456204967,0.9255472120524906,0.4058115721932943,0.0,Low gap / Widening,18,20
EC137,Engcobo,Chris Hani,Eastern Cape,132795.0,26398.0,19.878760495500583,73494.0,36613.0,888.0,37501.0,51.02593408985767,2.3679368550171995,70369.0,32221.0,647.0,32868.0,46.70806747289289,1.9684799805281727,-4.25204778621384,-4.317866616964778,46.55,0.15806747289289547,29638.0,0.0,1.122736570952345,-9.943357717797602,0.0,1.0,0.4,0.0,Low gap / Widening,19,22
EC135,Intsika Yethu,Chris Hani,Eastern Cape,128100.0,23324.0,18.207650273224044,77938.0,44196.0,914.0,45110.0,57.87933998819575,2.026158279760585,75098.0,34844.0,1256.0,36100.0,48.07052118565075,3.479224376731302,-3.6439220919192175,-9.808818802544998,46.55,1.5205211856507503,29190.0,0.0,1.251500600240096,-9.943357717797602,0.0,1.0,0.4,0.0,Low gap / Widening,20,24
EC122,Mnquma,Amathole,Eastern Cape,232987.0,48688.0,20.89730328301579,126195.0,62971.0,1626.0,64597.0,51.1882404215698,2.517144759044537,121099.0,50239.0,988.0,51227.0,42.301753111090925,1.9286704277041404,-4.038194857165498,-8.88648731047887,46.55,-4.2482468889090725,48601.0,0.0017868879395333,0.9982131120604666,-10.024042552800228,0.0052297918499437,0.9255472120524906,0.3733567599309625,0.0,Low gap / Widening,21,21
EC123,Great Kei,Amathole,Eastern Cape,35993.0,7201.0,20.00666796321507,17685.0,10201.0,286.0,10487.0,59.29884082555839,2.727186039858873,17935.0,9677.0,168.0,9845.0,54.892667967661005,1.7064499746063992,1.413627367825841,-4.406172857897381,46.55,8.342667967661008,8047.0,0.0,1.1174836828218302,-10.024042552800228,0.0,0.9255472120524906,0.3702188848209962,0.0,Low gap / Widening,22,23
EC121,Mbhashe,Amathole,Eastern Cape,240020.0,50074.0,20.862428130989084,129921.0,66514.0,2716.0,69230.0,53.28622778457678,3.923154701718908,122433.0,54517.0,1813.0,56330.0,46.00883748662534,3.218533641043849,-5.763502436095782,-7.277390297951442,46.55,-0.5411625133746583,54265.0,0.0,1.0836961297280026,-10.024042552800228,0.0,0.9255472120524906,0.3702188848209962,0.0,Low gap / Widening,23,26
EC126,Ngqushwa,Amathole,Eastern Cape,68296.0,12605.0,18.456424973644136,38945.0,21786.0,495.0,22281.0,57.21145204775966,2.2216238050356805,35846.0,17913.0,889.0,18802.0,52.45215644702338,4.728220402084885,-7.957375786365387,-4.75929560073628,46.55,5.90215644702338,13623.0,0.0,1.080761602538675,-10.024042552800228,0.0,0.9255472120524906,0.3702188848209962,0.0,Low gap / Widening,24,28
EC156,Mhlontlo,O.R. Tambo,Eastern Cape,186387.0,41913.0,22.48708332662686,96967.0,50251.0,1245.0,51496.0,53.10672703084555,2.417663507845269,,,,,,,,,46.55,,45699.0,0.0,1.0903299692219597,-10.024042552800228,0.0,0.9255472120524906,0.3702188848209962,,Insufficient data,25,29
EC155,Nyandeni,O.R. Tambo,Eastern Cape,304854.0,70342.0,23.073996076810538,134892.0,66705.0,1644.0,68349.0,50.66942442843163,2.4053021990080325,,,,,,,,,46.55,,73685.0,0.0,1.0475249495322851,-10.024042552800228,0.0,0.9255472120524906,0.3702188848209962,,Insufficient data,26,30
EC444,Ntabankulu,Alfred Nzo,Eastern Cape,146423.0,34071.0,23.26888535271098,64137.0,33430.0,880.0,34310.0,53.49486255983285,2.5648498979889247,,,,,,,,,46.55,,39853.0,0.0,1.1697044407267176,-10.024042552800228,0.0,0.9255472120524906,0.3702188848209962,,Insufficient data,27,31
EC154,Port St Johns,O.R. Tambo,Eastern Cape,179324.0,42955.0,23.95384889919921,75867.0,41476.0,982.0,42458.0,55.96372599417402,2.3128738989118656,,,,,,,,,46.55,,51909.0,0.0,1.208450704225352,-10.024042552800228,0.0,0.9255472120524906,0.3702188848209962,,Insufficient data,28,32
EC442,Umzimvubu,Alfred Nzo,Eastern Cape,214472.0,51091.0,23.821757618710134,103439.0,54434.0,1692.0,56126.0,54.259998646545306,3.0146456187863024,,,,,,,,,46.55,,56376.0,0.0,1.103442876436163,-10.024042552800228,0.0,0.9255472120524906,0.3702188848209962,,Insufficient data,29,33
EC101,Dr Beyers Naude,Sarah Baartman,Eastern Cape,100971.0,22376.0,22.16081845282309,40887.0,24709.0,359.0,25068.0,61.31044097145792,1.4321046752832296,39913.0,18433.0,272.0,18705.0,46.86443013554481,1.454156642608928,-2.382175263531196,-14.446010835913114,46.55,0.3144301355448107,17751.0,0.2066946728637826,0.7933053271362174,-11.027062401355044,0.604945666515662,0.0,0.3629673999093971,2.0,High gap / Widening,30,9
EC104,Makana,Sarah Baartman,Eastern Cape,97808.0,24214.0,24.756666121380665,46398.0,23997.0,402.0,24399.0,52.58631837579206,1.6476085085454322,43664.0,18011.0,732.0,18743.0,42.925522169292776,3.905458037667396,-5.892495366179577,-9.660796206499285,46.55,-3.624477830707221,19589.0,0.1910052036012224,0.8089947963987776,-11.027062401355044,0.5590263580554411,0.0,0.3354158148332646,2.0,High gap / Widening,31,10
EC108,Kouga,Sarah Baartman,Eastern Cape,107013.0,23166.0,21.64783717866053,58145.0,37960.0,481.0,38441.0,66.11230544328834,1.2512681772066283,60572.0,34022.0,513.0,34535.0,57.01479231328006,1.4854495439409294,4.174047639521885,-9.097513130008274,46.55,10.464792313280064,24542.0,0.0,1.059397392730726,-11.027062401355044,0.0,0.0,0.0,0.0,Low gap / Widening,32,27
EC109,Kou-Kamma,Sarah Baartman,Eastern Cape,36486.0,8486.0,23.25823603573973,20413.0,11890.0,218.0,12108.0,59.31514231127223,1.8004625041295013,20645.0,10256.0,274.0,10530.0,51.0050859772342,2.602089268755935,1.1365306422377897,-8.310056334038023,46.55,4.455085977234205,10659.0,0.0,1.2560688192316758,-11.027062401355044,0.0,0.0,0.0,0.0,Low gap / Widening,33,25
